"N_total","T_total","predictor.type","outcome.type","sdX.within","sdX.between","g.00","g.01","sd.u0","sd.u1","sd.e","true_cluster_means","l3a_g.01_bias","l4_g.01_bias","g.exchangeable3_g.01_bias","g.exchangeable4_g.01_bias","g.ar13_g.01_bias","g.ar14_g.01_bias","g.independence3_g.01_bias","g.independence4_g.01_bias","l1_success","l2_success","l3a_success","l4_success","g.independence1_success","g.exchangeable1_success","g.ar11_success","g.independence2_success","g.exchangeable2_success","g.ar12_success","g.independence3_success","g.ar13_success","g.independence4_success","g.exchangeable4_success","g.ar14_success"
100,5,"binary","binary",1,0,0,0,0,0,1,FALSE,0.036,0.012,0.021,0.012,0.021,0.012,0.021,0.012,1,0.992,1,0.999,1,1,1,1,1,1,1,1,1,1,1
200,5,"binary","binary",1,0,0,0,0,0,1,FALSE,0.011,-0.008,-0.001,-0.008,-0.001,-0.008,-0.001,-0.008,1,1,1,1,1,1,1,1,1,1,1,1,1,1,1
100,10,"binary","binary",1,0,0,0,0,0,1,FALSE,-0.027,-0.048,-0.035,-0.048,-0.035,-0.048,-0.035,-0.048,1,1,1,1,1,1,1,1,1,1,1,1,1,1,1
200,10,"binary","binary",1,0,0,0,0,0,1,FALSE,0.016,0.009,0.01,0.009,0.01,0.009,0.01,0.009,1,1,1,1,1,1,1,1,1,1,1,1,1,1,1
100,20,"binary","binary",1,0,0,0,0,0,1,FALSE,0.022,0.01,0.018,0.01,0.018,0.01,0.018,0.01,1,1,1,1,1,1,1,1,1,1,1,1,1,1,1
200,20,"binary","binary",1,0,0,0,0,0,1,FALSE,-0.003,-0.007,-0.006,-0.007,-0.006,-0.007,-0.006,-0.007,1,1,1,1,1,1,1,1,1,1,1,1,1,1,1
100,5,"continuous","binary",1,0,0,0,0,0,1,FALSE,0.02,-0.017,0.001,-0.016,0.001,-0.017,0.001,-0.016,0.997,0.968,0.998,0.999,1,1,1,1,1,1,1,1,1,1,1
200,5,"continuous","binary",1,0,0,0,0,0,1,FALSE,0.018,0,0.005,0,0.004,0,0.004,0,0.999,0.983,0.999,0.999,1,1,1,1,1,1,1,1,1,1,1
100,10,"continuous","binary",1,0,0,0,0,0,1,FALSE,0.025,0.012,0.016,0.012,0.016,0.012,0.016,0.012,1,1,1,1,1,1,1,1,1,1,1,1,1,1,1
200,10,"continuous","binary",1,0,0,0,0,0,1,FALSE,0.02,0.012,0.014,0.011,0.014,0.012,0.014,0.011,1,1,1,1,1,1,1,1,1,1,1,1,1,1,1
100,20,"continuous","binary",1,0,0,0,0,0,1,FALSE,0.008,-0.006,0.004,-0.006,0.004,-0.006,0.004,-0.006,1,1,1,1,1,1,1,1,1,1,1,1,1,1,1
200,20,"continuous","binary",1,0,0,0,0,0,1,FALSE,0.008,0.005,0.004,0.004,0.005,0.005,0.005,0.005,1,1,1,1,1,1,1,1,1,1,1,1,1,1,1
100,5,"binary","continuous",1,0,0,0,0,0,1,FALSE,-0.002,0.002,-0.002,0.002,-0.002,0.002,-0.002,0.002,1,1,1,1,1,1,1,1,1,1,1,1,1,1,1
200,5,"binary","continuous",1,0,0,0,0,0,1,FALSE,0.005,0.004,0.005,0.004,0.005,0.004,0.005,0.004,1,1,1,1,1,1,1,1,1,1,1,1,1,1,1
100,10,"binary","continuous",1,0,0,0,0,0,1,FALSE,0.006,0.007,0.006,0.007,0.006,0.007,0.006,0.007,1,1,1,1,1,1,1,1,1,1,1,1,1,1,1
200,10,"binary","continuous",1,0,0,0,0,0,1,FALSE,0.002,0,0.002,0,0.002,0,0.002,0,1,1,1,1,1,1,1,1,1,1,1,1,1,1,1
100,20,"binary","continuous",1,0,0,0,0,0,1,FALSE,0.003,0.004,0.003,0.004,0.003,0.004,0.003,0.004,1,1,1,1,1,1,1,1,1,1,1,1,1,1,1
200,20,"binary","continuous",1,0,0,0,0,0,1,FALSE,-0.001,-0.001,-0.001,-0.001,-0.001,-0.001,-0.001,-0.001,1,1,1,1,1,1,1,1,1,1,1,1,1,1,1
100,5,"binary","binary",1,1,0,0,0,0,1,FALSE,0.028,0.006,0.012,0.006,0.011,0.005,0.012,0.006,1,0.98,0.998,0.998,1,1,1,1,1,1,1,1,1,1,1
200,5,"binary","binary",1,1,0,0,0,0,1,FALSE,0.024,0.011,0.014,0.01,0.014,0.011,0.014,0.011,1,0.996,1,1,1,1,1,1,1,1,1,1,1,1,1
100,10,"binary","binary",1,1,0,0,0,0,1,FALSE,0.018,0.004,0.009,0.004,0.009,0.004,0.009,0.003,1,1,1,1,1,1,1,1,1,1,1,1,1,1,1
200,10,"binary","binary",1,1,0,0,0,0,1,FALSE,0.005,0.009,-0.001,0.009,-0.001,0.009,-0.001,0.009,1,1,1,1,1,1,1,1,1,1,1,1,1,1,1
100,20,"binary","binary",1,1,0,0,0,0,1,FALSE,0.013,0.008,0.009,0.008,0.009,0.008,0.009,0.008,1,1,1,1,1,1,1,1,1,1,1,1,1,1,1
200,20,"binary","binary",1,1,0,0,0,0,1,FALSE,0.008,0.009,0.005,0.009,0.005,0.009,0.006,0.009,1,1,1,1,1,1,1,1,1,1,1,1,1,1,1
100,5,"continuous","binary",1,1,0,0,0,0,1,FALSE,0.043,-0.002,0.023,-0.003,0.023,-0.003,0.023,-0.003,0.992,0.999,0.993,0.991,1,1,1,1,1,1,1,1,1,1,1
200,5,"continuous","binary",1,1,0,0,0,0,1,FALSE,0.021,-0.001,0.007,-0.001,0.007,-0.001,0.007,-0.001,0.995,1,0.995,0.994,1,1,1,1,1,1,1,1,1,1,1
100,10,"continuous","binary",1,1,0,0,0,0,1,FALSE,0.017,0,0.008,0,0.008,0,0.008,0,1,0.774,1,1,1,1,1,1,1,1,1,1,1,1,1
200,10,"continuous","binary",1,1,0,0,0,0,1,FALSE,0.012,0.001,0.005,0.001,0.005,0.001,0.005,0.001,1,0.785,1,1,1,1,1,1,1,1,1,1,1,1,1
100,20,"continuous","binary",1,1,0,0,0,0,1,FALSE,0.01,-0.002,0.005,-0.002,0.005,-0.002,0.005,-0.002,1,1,1,1,1,1,1,1,1,1,1,1,1,1,1
200,20,"continuous","binary",1,1,0,0,0,0,1,FALSE,0.006,0.001,0.003,0.001,0.003,0.001,0.003,0.001,1,1,1,1,1,1,1,1,1,1,1,1,1,1,1
100,5,"binary","continuous",1,1,0,0,0,0,1,FALSE,-0.001,-0.006,-0.001,-0.006,-0.001,-0.006,-0.001,-0.006,1,1,1,1,1,1,1,1,1,1,1,1,1,1,1
200,5,"binary","continuous",1,1,0,0,0,0,1,FALSE,-0.003,-0.001,-0.003,-0.001,-0.003,-0.001,-0.003,-0.001,1,1,1,1,1,1,1,1,1,1,1,1,1,1,1
100,10,"binary","continuous",1,1,0,0,0,0,1,FALSE,-0.002,-0.002,-0.002,-0.002,-0.002,-0.002,-0.002,-0.002,1,1,1,1,1,1,1,1,1,1,1,1,1,1,1
200,10,"binary","continuous",1,1,0,0,0,0,1,FALSE,-0.001,0.001,-0.001,0.001,-0.001,0.001,-0.001,0.001,1,1,1,1,1,1,1,1,1,1,1,1,1,1,1
100,20,"binary","continuous",1,1,0,0,0,0,1,FALSE,0.001,-0.003,0.001,-0.003,0.001,-0.003,0.001,-0.003,1,1,1,1,1,1,1,1,1,1,1,1,1,1,1
200,20,"binary","continuous",1,1,0,0,0,0,1,FALSE,0.001,0.002,0.001,0.002,0.001,0.002,0.001,0.002,1,1,1,1,1,1,1,1,1,1,1,1,1,1,1
100,5,"binary","binary",1,3,0,0,0,0,1,FALSE,0.03,-0.017,0.014,-0.018,0.014,-0.018,0.014,-0.018,0.997,0.971,0.998,0.998,1,1,1,1,1,1,1,1,1,1,1
200,5,"binary","binary",1,3,0,0,0,0,1,FALSE,0.016,0.002,0.005,0.003,0.005,0.003,0.005,0.003,1,0.99,1,1,1,1,1,1,1,1,1,1,1,1,1
100,10,"binary","binary",1,3,0,0,0,0,1,FALSE,0.021,-0.002,0.013,-0.002,0.013,-0.002,0.013,-0.002,1,1,1,1,1,1,1,1,1,1,1,1,1,1,1
200,10,"binary","binary",1,3,0,0,0,0,1,FALSE,0.002,-0.016,-0.004,-0.016,-0.004,-0.016,-0.004,-0.016,1,1,1,1,1,1,1,1,1,1,1,1,1,1,1
100,20,"binary","binary",1,3,0,0,0,0,1,FALSE,0,-0.008,-0.004,-0.008,-0.004,-0.008,-0.004,-0.008,1,1,1,1,1,1,1,1,1,1,1,1,1,1,1
200,20,"binary","binary",1,3,0,0,0,0,1,FALSE,-0.001,0.004,-0.003,0.004,-0.003,0.004,-0.003,0.004,1,1,1,1,1,1,1,1,1,1,1,1,1,1,1
100,5,"continuous","binary",1,3,0,0,0,0,1,FALSE,0.064,0,0.033,0.001,0.033,0.001,0.033,0.001,0.992,0.992,0.992,0.989,1,1,1,1,1,1,1,1,1,1,1
200,5,"continuous","binary",1,3,0,0,0,0,1,FALSE,0.037,-0.002,0.017,-0.002,0.017,-0.002,0.017,-0.002,0.989,1,0.992,0.99,1,1,1,1,1,1,1,1,1,1,1
100,10,"continuous","binary",1,3,0,0,0,0,1,FALSE,0.029,-0.003,0.016,-0.004,0.016,-0.004,0.016,-0.004,0.996,0.978,0.993,0.992,1,1,1,1,1,1,1,1,1,1,1
200,10,"continuous","binary",1,3,0,0,0,0,1,FALSE,0.016,0,0.007,0,0.007,0,0.007,0,0.999,0.997,0.998,0.999,1,1,1,1,1,1,1,1,1,1,1
100,20,"continuous","binary",1,3,0,0,0,0,1,FALSE,0.015,0.004,0.009,0.004,0.009,0.004,0.009,0.004,1,0.742,1,1,1,1,1,1,1,1,1,1,1,1,1
200,20,"continuous","binary",1,3,0,0,0,0,1,FALSE,0.009,0.002,0.004,0.001,0.004,0.002,0.004,0.002,1,0.846,1,1,1,1,1,1,1,1,1,1,1,1,1
100,5,"binary","continuous",1,3,0,0,0,0,1,FALSE,0.001,0.002,0.001,0.002,0,0.002,0.001,0.002,1,1,1,1,1,1,1,1,1,1,1,1,1,1,1
200,5,"binary","continuous",1,3,0,0,0,0,1,FALSE,0.001,-0.004,0.001,-0.004,0.001,-0.005,0.001,-0.004,1,1,1,1,1,1,1,1,1,1,1,1,1,1,1
100,10,"binary","continuous",1,3,0,0,0,0,1,FALSE,0.002,0.009,0.002,0.009,0.002,0.009,0.002,0.009,1,1,1,1,1,1,1,1,1,1,1,1,1,1,1
200,10,"binary","continuous",1,3,0,0,0,0,1,FALSE,0.001,0.002,0.001,0.002,0.001,0.002,0.001,0.002,1,1,1,1,1,1,1,1,1,1,1,1,1,1,1
100,20,"binary","continuous",1,3,0,0,0,0,1,FALSE,0,0.001,0,0.001,0,0.001,0,0.001,1,1,1,1,1,1,1,1,1,1,1,1,1,1,1
200,20,"binary","continuous",1,3,0,0,0,0,1,FALSE,0.001,0.002,0.001,0.002,0.001,0.002,0.001,0.002,1,1,1,1,1,1,1,1,1,1,1,1,1,1,1
100,5,"binary","binary",1,1,0,1,0,0,1,FALSE,-0.454,-0.488,-0.479,-0.497,-0.479,-0.497,-0.479,-0.497,0.989,0.929,0.992,0.991,1,1,1,1,1,1,1,1,1,1,1
200,5,"binary","binary",1,1,0,1,0,0,1,FALSE,-0.475,-0.487,-0.493,-0.493,-0.493,-0.492,-0.493,-0.493,0.997,0.921,0.999,1,1,1,1,1,1,1,1,1,1,1,1
100,10,"binary","binary",1,1,0,1,0,0,1,FALSE,-0.288,-0.311,-0.301,-0.316,-0.301,-0.316,-0.301,-0.316,1,0.993,1,1,1,1,1,1,1,1,1,1,1,1,1
200,10,"binary","binary",1,1,0,1,0,0,1,FALSE,-0.303,-0.314,-0.314,-0.318,-0.314,-0.318,-0.314,-0.318,1,0.998,1,1,1,1,1,1,1,1,1,1,1,1,1
100,20,"binary","binary",1,1,0,1,0,0,1,FALSE,-0.173,-0.186,-0.18,-0.189,-0.181,-0.189,-0.181,-0.189,1,1,1,1,1,1,1,1,1,1,1,1,1,1,1
200,20,"binary","binary",1,1,0,1,0,0,1,FALSE,-0.181,-0.184,-0.187,-0.186,-0.187,-0.186,-0.187,-0.186,1,1,1,1,1,1,1,1,1,1,1,1,1,1,1
100,5,"continuous","binary",1,1,0,1,0,0,1,FALSE,-0.111,-0.143,-0.186,-0.169,-0.186,-0.169,-0.186,-0.169,0.969,0.999,0.981,0.98,1,1,1,1,1,1,1,1,1,1,1
200,5,"continuous","binary",1,1,0,1,0,0,1,FALSE,-0.151,-0.168,-0.22,-0.191,-0.219,-0.191,-0.219,-0.191,0.95,1,0.98,0.975,1,1,1,1,1,1,1,1,1,1,1
100,10,"continuous","binary",1,1,0,1,0,0,1,FALSE,-0.071,-0.085,-0.109,-0.1,-0.108,-0.099,-0.108,-0.099,0.941,1,0.987,0.988,1,1,1,1,1,1,1,1,1,1,1
200,10,"continuous","binary",1,1,0,1,0,0,1,FALSE,-0.087,-0.089,-0.123,-0.103,-0.123,-0.102,-0.123,-0.102,0.905,1,0.996,0.997,1,1,1,1,1,1,1,1,1,1,1
100,20,"continuous","binary",1,1,0,1,0,0,1,FALSE,-0.045,-0.048,-0.066,-0.056,-0.065,-0.055,-0.065,-0.055,0.975,0.962,1,1,1,1,1,1,1,1,1,1,1,1,1
200,20,"continuous","binary",1,1,0,1,0,0,1,FALSE,-0.044,-0.044,-0.064,-0.051,-0.063,-0.051,-0.063,-0.051,0.993,0.986,1,1,1,1,1,1,1,1,1,1,1,1,1
100,5,"binary","continuous",1,1,0,1,0,0,1,FALSE,-0.491,-0.492,-0.491,-0.492,-0.492,-0.492,-0.491,-0.492,1,1,1,1,1,1,1,1,1,1,1,1,1,1,1
200,5,"binary","continuous",1,1,0,1,0,0,1,FALSE,-0.49,-0.487,-0.49,-0.487,-0.49,-0.487,-0.49,-0.487,1,1,1,1,1,1,1,1,1,1,1,1,1,1,1
100,10,"binary","continuous",1,1,0,1,0,0,1,FALSE,-0.325,-0.322,-0.325,-0.322,-0.325,-0.323,-0.325,-0.322,1,1,1,1,1,1,1,1,1,1,1,1,1,1,1
200,10,"binary","continuous",1,1,0,1,0,0,1,FALSE,-0.325,-0.326,-0.325,-0.326,-0.325,-0.326,-0.325,-0.326,1,1,1,1,1,1,1,1,1,1,1,1,1,1,1
100,20,"binary","continuous",1,1,0,1,0,0,1,FALSE,-0.187,-0.186,-0.187,-0.186,-0.187,-0.186,-0.187,-0.186,1,1,1,1,1,1,1,1,1,1,1,1,1,1,1
200,20,"binary","continuous",1,1,0,1,0,0,1,FALSE,-0.191,-0.192,-0.191,-0.192,-0.192,-0.192,-0.191,-0.192,1,1,1,1,1,1,1,1,1,1,1,1,1,1,1
100,5,"binary","binary",1,3,0,1,0,0,1,FALSE,-0.107,-0.146,-0.135,-0.161,-0.134,-0.16,-0.134,-0.161,0.993,0.922,0.989,0.99,1,1,1,1,1,1,1,1,1,1,1
200,5,"binary","binary",1,3,0,1,0,0,1,FALSE,-0.117,-0.135,-0.138,-0.143,-0.138,-0.143,-0.138,-0.143,0.996,0.952,0.997,0.998,1,1,1,1,1,1,1,1,1,1,1
100,10,"binary","binary",1,3,0,1,0,0,1,FALSE,-0.05,-0.056,-0.065,-0.063,-0.065,-0.063,-0.065,-0.063,0.997,0.819,0.999,0.998,1,1,1,1,1,1,1,1,1,1,1
200,10,"binary","binary",1,3,0,1,0,0,1,FALSE,-0.061,-0.068,-0.072,-0.073,-0.072,-0.072,-0.072,-0.072,1,0.804,1,1,1,1,1,1,1,1,1,1,1,1,1
100,20,"binary","binary",1,3,0,1,0,0,1,FALSE,-0.031,-0.05,-0.039,-0.053,-0.039,-0.053,-0.039,-0.053,1,1,1,1,1,1,1,1,1,1,1,1,1,1,1
200,20,"binary","binary",1,3,0,1,0,0,1,FALSE,-0.033,-0.037,-0.038,-0.039,-0.038,-0.039,-0.038,-0.039,1,1,1,1,1,1,1,1,1,1,1,1,1,1,1
100,5,"continuous","binary",1,3,0,1,0,0,1,FALSE,0.112,0.029,0,-0.014,0.001,-0.013,0.001,-0.013,0.983,0.859,0.989,0.99,1,1,1,1,1,1,1,1,1,1,1
200,5,"continuous","binary",1,3,0,1,0,0,1,FALSE,0.033,-0.009,-0.055,-0.041,-0.054,-0.041,-0.054,-0.041,0.975,0.823,0.982,0.981,1,1,1,1,1,1,1,1,1,1,1
100,10,"continuous","binary",1,3,0,1,0,0,1,FALSE,0.055,0.016,0.006,-0.003,0.006,-0.003,0.006,-0.003,0.976,0.813,0.981,0.982,1,1,1,1,1,1,1,1,1,1,1
200,10,"continuous","binary",1,3,0,1,0,0,1,FALSE,0.013,0.002,-0.028,-0.014,-0.027,-0.014,-0.027,-0.014,0.964,0.719,0.993,0.987,1,1,1,1,1,1,1,1,1,1,1
100,20,"continuous","binary",1,3,0,1,0,0,1,FALSE,0.017,0.004,-0.007,-0.006,-0.007,-0.006,-0.007,-0.006,0.953,0.869,0.999,0.999,1,1,1,1,1,1,1,1,1,1,1
200,20,"continuous","binary",1,3,0,1,0,0,1,FALSE,0.009,0.001,-0.012,-0.007,-0.012,-0.007,-0.012,-0.007,0.94,0.915,0.998,0.998,1,1,1,1,1,1,1,1,1,1,1
100,5,"binary","continuous",1,3,0,1,0,0,1,FALSE,-0.142,-0.146,-0.142,-0.146,-0.142,-0.146,-0.142,-0.146,1,1,1,1,1,1,1,1,1,1,1,1,1,1,1
200,5,"binary","continuous",1,3,0,1,0,0,1,FALSE,-0.146,-0.141,-0.146,-0.141,-0.146,-0.141,-0.146,-0.141,1,1,1,1,1,1,1,1,1,1,1,1,1,1,1
100,10,"binary","continuous",1,3,0,1,0,0,1,FALSE,-0.073,-0.076,-0.073,-0.076,-0.073,-0.076,-0.073,-0.076,1,1,0.999,0.999,1,1,1,1,1,1,1,1,1,1,1
200,10,"binary","continuous",1,3,0,1,0,0,1,FALSE,-0.079,-0.077,-0.079,-0.077,-0.079,-0.077,-0.079,-0.077,1,1,1,1,1,1,1,1,1,1,1,1,1,1,1
100,20,"binary","continuous",1,3,0,1,0,0,1,FALSE,-0.04,-0.041,-0.04,-0.04,-0.04,-0.04,-0.04,-0.04,1,1,0.999,0.999,1,1,1,1,1,1,1,1,1,1,1
200,20,"binary","continuous",1,3,0,1,0,0,1,FALSE,-0.039,-0.041,-0.039,-0.041,-0.039,-0.041,-0.039,-0.041,1,1,1,1,1,1,1,1,1,1,1,1,1,1,1
100,5,"binary","binary",1,1,0,3,0,0,1,FALSE,-1.42,-1.469,-1.498,-1.516,-1.497,-1.516,-1.497,-1.516,0.975,0.997,0.984,0.984,1,1,1,1,1,1,1,1,1,1,1
200,5,"binary","binary",1,1,0,3,0,0,1,FALSE,-1.451,-1.457,-1.512,-1.5,-1.511,-1.501,-1.511,-1.501,0.963,0.998,0.961,0.962,1,1,1,1,1,1,1,1,1,1,1
100,10,"binary","binary",1,1,0,3,0,0,1,FALSE,-0.958,-0.969,-1.015,-1.009,-1.015,-1.008,-1.015,-1.01,0.931,0.989,0.974,0.975,1,1,1,1,1,1,1,1,1,1,1
200,10,"binary","binary",1,1,0,3,0,0,1,FALSE,-0.961,-0.971,-1.012,-1.008,-1.012,-1.008,-1.012,-1.008,0.905,1,0.981,0.981,1,1,1,1,1,1,1,1,1,1,1
100,20,"binary","binary",1,1,0,3,0,0,1,FALSE,-0.573,-0.578,-0.611,-0.607,-0.611,-0.606,-0.611,-0.606,0.966,0.671,0.999,0.999,1,1,1,1,1,1,1,1,1,1,1
200,20,"binary","binary",1,1,0,3,0,0,1,FALSE,-0.576,-0.576,-0.614,-0.604,-0.614,-0.605,-0.614,-0.605,0.974,0.726,1,1,1,1,1,1,1,1,1,1,1,1,1
100,5,"continuous","binary",1,1,0,3,0,0,1,FALSE,-0.41,-0.436,-1.15,-0.902,-1.147,-0.899,-1.139,-0.894,1,0.996,0.999,0.999,1,1,1,1,1,1,1,1,1,1,1
200,5,"continuous","binary",1,1,0,3,0,0,1,FALSE,-0.451,-0.468,-1.21,-0.946,-1.204,-0.942,-1.198,-0.936,1,1,0.997,0.997,1,1,1,1,1,1,1,1,1,1,1
100,10,"continuous","binary",1,1,0,3,0,0,1,FALSE,-0.226,-0.236,-0.714,-0.555,-0.706,-0.548,-0.702,-0.544,1,0.964,0.988,0.987,1,1,1,1,1,1,1,1,1,1,1
200,10,"continuous","binary",1,1,0,3,0,0,1,FALSE,-0.257,-0.262,-0.743,-0.577,-0.733,-0.569,-0.73,-0.567,1,0.994,1,1,1,1,1,1,1,1,1,1,1,1,1
100,20,"continuous","binary",1,1,0,3,0,0,1,FALSE,-0.134,-0.136,-0.413,-0.319,-0.404,-0.312,-0.403,-0.311,1,0.738,0.912,0.906,1,1,1,1,1,1,1,1,1,1,1
200,20,"continuous","binary",1,1,0,3,0,0,1,FALSE,-0.125,-0.131,-0.41,-0.32,-0.402,-0.314,-0.401,-0.313,1,0.842,0.826,0.819,1,1,1,1,1,1,1,1,1,1,1
100,5,"binary","continuous",1,1,0,3,0,0,1,FALSE,-1.461,-1.469,-1.461,-1.469,-1.461,-1.468,-1.461,-1.469,1,1,1,1,1,1,1,1,1,1,1,1,1,1,1
200,5,"binary","continuous",1,1,0,3,0,0,1,FALSE,-1.462,-1.459,-1.462,-1.459,-1.462,-1.459,-1.462,-1.459,1,1,1,1,1,1,1,1,1,1,1,1,1,1,1
100,10,"binary","continuous",1,1,0,3,0,0,1,FALSE,-0.965,-0.968,-0.965,-0.968,-0.966,-0.969,-0.965,-0.968,1,1,1,1,1,1,1,1,1,1,1,1,1,1,1
200,10,"binary","continuous",1,1,0,3,0,0,1,FALSE,-0.967,-0.967,-0.967,-0.967,-0.968,-0.968,-0.967,-0.967,1,1,1,1,1,1,1,1,1,1,1,1,1,1,1
100,20,"binary","continuous",1,1,0,3,0,0,1,FALSE,-0.579,-0.58,-0.579,-0.58,-0.579,-0.58,-0.579,-0.58,1,1,1,1,1,1,1,1,1,1,1,1,1,1,1
200,20,"binary","continuous",1,1,0,3,0,0,1,FALSE,-0.58,-0.579,-0.58,-0.579,-0.58,-0.578,-0.58,-0.579,1,1,1,1,1,1,1,1,1,1,1,1,1,1,1
100,5,"binary","binary",1,3,0,3,0,0,1,FALSE,-0.346,-0.414,-0.429,-0.476,-0.427,-0.476,-0.429,-0.478,0.971,1,0.976,0.977,1,1,1,1,1,1,1,1,1,1,1
200,5,"binary","binary",1,3,0,3,0,0,1,FALSE,-0.436,-0.471,-0.509,-0.527,-0.509,-0.529,-0.509,-0.529,0.985,1,0.988,0.987,1,1,1,1,1,1,1,1,1,1,1
100,10,"binary","binary",1,3,0,3,0,0,1,FALSE,-0.239,-0.271,-0.284,-0.305,-0.285,-0.306,-0.285,-0.305,0.947,0.994,0.993,0.993,1,1,1,1,1,1,1,1,1,1,1
200,10,"binary","binary",1,3,0,3,0,0,1,FALSE,-0.253,-0.275,-0.297,-0.309,-0.297,-0.31,-0.297,-0.31,0.951,1,1,1,1,1,1,1,1,1,1,1,1,1,1
100,20,"binary","binary",1,3,0,3,0,0,1,FALSE,-0.129,-0.158,-0.157,-0.18,-0.157,-0.18,-0.157,-0.181,0.884,0.764,1,1,1,1,1,1,1,1,1,1,1,1,1
200,20,"binary","binary",1,3,0,3,0,0,1,FALSE,-0.123,-0.129,-0.149,-0.15,-0.149,-0.15,-0.149,-0.15,0.853,0.658,1,1,1,1,1,1,1,1,1,1,1,1,1
100,5,"continuous","binary",1,3,0,3,0,0,1,FALSE,0.65,0.426,-0.72,-0.495,-0.714,-0.488,-0.708,-0.487,0.963,0.926,0.987,0.987,1,1,1,1,1,1,1,1,1,1,1
200,5,"continuous","binary",1,3,0,3,0,0,1,FALSE,0.093,0.056,-0.854,-0.576,-0.846,-0.569,-0.842,-0.568,0.967,0.951,0.99,0.992,1,1,1,1,1,1,1,1,1,1,1
100,10,"continuous","binary",1,3,0,3,0,0,1,FALSE,0.104,0.058,-0.422,-0.294,-0.411,-0.284,-0.407,-0.282,0.984,0.924,0.989,0.99,1,1,1,1,1,1,1,1,1,1,1
200,10,"continuous","binary",1,3,0,3,0,0,1,FALSE,0.009,-0.002,-0.505,-0.346,-0.495,-0.338,-0.492,-0.337,0.993,0.91,0.995,0.997,1,1,1,1,1,1,1,1,1,1,1
100,20,"continuous","binary",1,3,0,3,0,0,1,FALSE,0.023,0.015,-0.242,-0.162,-0.233,-0.156,-0.232,-0.155,0.998,0.928,0.952,0.955,1,1,1,1,1,1,1,1,1,1,1
200,20,"continuous","binary",1,3,0,3,0,0,1,FALSE,0.026,0.013,-0.249,-0.173,-0.241,-0.167,-0.24,-0.166,1,0.905,0.94,0.94,1,1,1,1,1,1,1,1,1,1,1
100,5,"binary","continuous",1,3,0,3,0,0,1,FALSE,-0.442,-0.442,-0.442,-0.442,-0.442,-0.442,-0.442,-0.442,1,1,1,1,1,1,1,1,1,1,1,1,1,1,1
200,5,"binary","continuous",1,3,0,3,0,0,1,FALSE,-0.434,-0.434,-0.434,-0.434,-0.434,-0.433,-0.434,-0.434,1,1,1,1,1,1,1,1,1,1,1,1,1,1,1
100,10,"binary","continuous",1,3,0,3,0,0,1,FALSE,-0.237,-0.24,-0.237,-0.24,-0.237,-0.239,-0.237,-0.24,1,1,1,1,1,1,1,1,1,1,1,1,1,1,1
200,10,"binary","continuous",1,3,0,3,0,0,1,FALSE,-0.233,-0.235,-0.233,-0.235,-0.233,-0.235,-0.233,-0.235,1,1,1,1,1,1,1,1,1,1,1,1,1,1,1
100,20,"binary","continuous",1,3,0,3,0,0,1,FALSE,-0.12,-0.12,-0.12,-0.12,-0.12,-0.12,-0.12,-0.12,1,1,1,1,1,1,1,1,1,1,1,1,1,1,1
200,20,"binary","continuous",1,3,0,3,0,0,1,FALSE,-0.122,-0.123,-0.122,-0.123,-0.122,-0.123,-0.122,-0.123,1,1,1,1,1,1,1,1,1,1,1,1,1,1,1
100,5,"binary","binary",1,0,0,0,1,0,1,FALSE,0.011,0.001,-0.22,0.004,-0.22,0.005,-0.221,0.002,0.918,0.908,0.923,0.931,1,1,1,1,1,1,1,1,1,1,1
200,5,"binary","binary",1,0,0,0,1,0,1,FALSE,0.012,0.001,-0.235,0,-0.234,0.001,-0.235,0,0.897,0.875,0.903,0.906,1,1,1,1,1,1,1,1,1,1,1
100,10,"binary","binary",1,0,0,0,1,0,1,FALSE,-0.074,-0.051,-0.264,-0.031,-0.265,-0.031,-0.262,-0.029,0.944,0.943,0.937,0.939,1,1,1,1,1,1,1,1,1,1,1
200,10,"binary","binary",1,0,0,0,1,0,1,FALSE,-0.036,-0.026,-0.257,-0.013,-0.257,-0.013,-0.256,-0.012,0.959,0.978,0.975,0.969,1,1,1,1,1,1,1,1,1,1,1
100,20,"binary","binary",1,0,0,0,1,0,1,FALSE,-0.014,-0.01,-0.243,-0.002,-0.24,0.001,-0.241,0,1,1,1,1,1,1,1,1,1,1,1,1,1,1,1
200,20,"binary","binary",1,0,0,0,1,0,1,FALSE,0.036,0.036,-0.207,0.032,-0.206,0.032,-0.205,0.034,1,1,1,1,1,1,1,1,1,1,1,1,1,1,1
100,5,"continuous","binary",1,0,0,0,1,0,1,FALSE,-0.001,-0.016,-0.228,-0.017,-0.227,-0.016,-0.225,-0.013,0.966,0.949,0.951,0.959,1,1,1,1,1,1,1,1,1,1,1
200,5,"continuous","binary",1,0,0,0,1,0,1,FALSE,0.008,0.007,-0.224,-0.001,-0.223,0.001,-0.221,0.003,0.952,0.953,0.949,0.951,1,1,1,1,1,1,1,1,1,1,1
100,10,"continuous","binary",1,0,0,0,1,0,1,FALSE,-0.02,-0.018,-0.219,0,-0.216,0.004,-0.213,0.007,0.953,0.96,0.928,0.937,1,1,1,1,1,1,1,1,1,1,1
200,10,"continuous","binary",1,0,0,0,1,0,1,FALSE,-0.016,-0.017,-0.233,-0.01,-0.229,-0.006,-0.227,-0.004,0.988,0.993,0.969,0.974,1,1,1,1,1,1,1,1,1,1,1
100,20,"continuous","binary",1,0,0,0,1,0,1,FALSE,0.023,0.019,-0.215,0.009,-0.207,0.016,-0.205,0.018,1,1,1,1,1,1,1,1,1,1,1,1,1,1,1
200,20,"continuous","binary",1,0,0,0,1,0,1,FALSE,0.001,-0.002,-0.241,-0.013,-0.23,-0.001,-0.228,0,1,1,1,1,1,1,1,1,1,1,1,1,1,1,1
100,5,"binary","continuous",1,0,0,0,1,0,1,FALSE,-0.023,-0.024,-0.023,-0.024,-0.023,-0.025,-0.023,-0.024,1,1,1,1,1,1,1,1,1,1,1,1,1,1,1
200,5,"binary","continuous",1,0,0,0,1,0,1,FALSE,0.012,0.011,0.012,0.011,0.009,0.008,0.012,0.011,1,1,1,1,1,1,1,1,1,1,1,1,1,1,1
100,10,"binary","continuous",1,0,0,0,1,0,1,FALSE,0.006,0.004,0.006,0.004,0.006,0.005,0.006,0.004,1,1,1,1,1,1,1,1,1,1,1,1,1,1,1
200,10,"binary","continuous",1,0,0,0,1,0,1,FALSE,0,-0.001,0,-0.001,-0.008,-0.009,0,-0.001,1,1,1,1,1,1,1,1,1,1,1,1,1,1,1
100,20,"binary","continuous",1,0,0,0,1,0,1,FALSE,-0.036,-0.032,-0.036,-0.032,-0.044,-0.041,-0.036,-0.032,1,1,1,1,1,1,1,1,1,1,1,1,1,1,1
200,20,"binary","continuous",1,0,0,0,1,0,1,FALSE,0.012,0.01,0.012,0.01,0.005,0.003,0.012,0.01,1,1,1,1,1,1,1,1,1,1,1,1,1,1,1
100,5,"binary","binary",1,1,0,0,1,0,1,FALSE,-0.004,-0.016,-0.243,-0.019,-0.243,-0.018,-0.243,-0.019,0.92,0.891,0.92,0.918,1,1,1,1,1,1,1,1,1,1,1
200,5,"binary","binary",1,1,0,0,1,0,1,FALSE,0.018,0.007,-0.239,0.002,-0.238,0.003,-0.239,0.002,0.885,0.861,0.89,0.891,1,1,1,1,1,1,1,1,1,1,1
100,10,"binary","binary",1,1,0,0,1,0,1,FALSE,-0.046,-0.03,-0.252,-0.015,-0.251,-0.014,-0.252,-0.016,0.943,0.959,0.932,0.942,1,1,1,1,1,1,1,1,1,1,1
200,10,"binary","binary",1,1,0,0,1,0,1,FALSE,-0.005,0.012,-0.225,0.021,-0.224,0.021,-0.224,0.021,0.944,0.975,0.957,0.957,1,1,1,1,1,1,1,1,1,1,1
100,20,"binary","binary",1,1,0,0,1,0,1,FALSE,0.01,0.014,-0.225,0.015,-0.226,0.014,-0.226,0.014,1,1,1,1,1,1,1,1,1,1,1,1,1,1,1
200,20,"binary","binary",1,1,0,0,1,0,1,FALSE,-0.007,-0.004,-0.245,-0.002,-0.244,-0.001,-0.244,-0.001,1,1,1,1,1,1,1,1,1,1,1,1,1,1,1
100,5,"continuous","binary",1,1,0,0,1,0,1,FALSE,0.017,0.018,-0.198,0.01,-0.197,0.012,-0.196,0.013,0.987,1,0.985,0.987,1,1,1,1,1,1,1,1,1,1,1
200,5,"continuous","binary",1,1,0,0,1,0,1,FALSE,-0.002,0.003,-0.217,0,-0.216,0.001,-0.214,0.003,0.997,1,0.995,0.997,1,1,1,1,1,1,1,1,1,1,1
100,10,"continuous","binary",1,1,0,0,1,0,1,FALSE,0.008,-0.001,-0.221,-0.01,-0.216,-0.005,-0.213,-0.004,0.96,0.958,0.959,0.962,1,1,1,1,1,1,1,1,1,1,1
200,10,"continuous","binary",1,1,0,0,1,0,1,FALSE,0.007,0.005,-0.219,-0.002,-0.215,0.002,-0.212,0.004,0.982,0.987,0.992,0.99,1,1,1,1,1,1,1,1,1,1,1
100,20,"continuous","binary",1,1,0,0,1,0,1,FALSE,-0.006,-0.009,-0.222,-0.008,-0.213,-0.001,-0.21,0.001,0.993,1,0.921,0.92,1,1,1,1,1,1,1,1,1,1,1
200,20,"continuous","binary",1,1,0,0,1,0,1,FALSE,-0.005,-0.007,-0.228,-0.012,-0.217,-0.003,-0.215,-0.001,1,1,0.965,0.965,1,1,1,1,1,1,1,1,1,1,1
100,5,"binary","continuous",1,1,0,0,1,0,1,FALSE,-0.003,-0.002,-0.003,-0.002,-0.001,-0.001,-0.003,-0.002,1,1,1,1,1,1,1,1,1,1,1,1,1,1,1
200,5,"binary","continuous",1,1,0,0,1,0,1,FALSE,0.015,0.013,0.015,0.013,0.016,0.015,0.015,0.013,1,1,1,1,1,1,1,1,1,1,1,1,1,1,1
100,10,"binary","continuous",1,1,0,0,1,0,1,FALSE,-0.02,-0.019,-0.02,-0.019,-0.019,-0.019,-0.02,-0.019,1,1,1,1,1,1,1,1,1,1,1,1,1,1,1
200,10,"binary","continuous",1,1,0,0,1,0,1,FALSE,0.017,0.015,0.017,0.015,0.01,0.01,0.017,0.015,1,1,1,1,1,1,1,1,1,1,1,1,1,1,1
100,20,"binary","continuous",1,1,0,0,1,0,1,FALSE,0.048,0.047,0.048,0.047,0.046,0.047,0.048,0.047,1,1,1,1,1,1,1,1,1,1,1,1,1,1,1
200,20,"binary","continuous",1,1,0,0,1,0,1,FALSE,0.001,0.002,0.001,0.002,-0.003,-0.004,0.001,0.002,1,1,1,1,1,1,1,1,1,1,1,1,1,1,1
100,5,"binary","binary",1,3,0,0,1,0,1,FALSE,0.029,0.023,-0.219,0.018,-0.219,0.021,-0.219,0.018,0.894,0.861,0.908,0.921,1,1,1,1,1,1,1,1,1,1,1
200,5,"binary","binary",1,3,0,0,1,0,1,FALSE,0.021,0.005,-0.241,-0.005,-0.242,-0.005,-0.24,-0.005,0.878,0.797,0.87,0.889,1,1,1,1,1,1,1,1,1,1,1
100,10,"binary","binary",1,3,0,0,1,0,1,FALSE,-0.023,-0.017,-0.233,-0.004,-0.232,-0.004,-0.234,-0.005,0.916,0.975,0.922,0.936,1,1,1,1,1,1,1,1,1,1,1
200,10,"binary","binary",1,3,0,0,1,0,1,FALSE,-0.022,-0.007,-0.242,0.006,-0.243,0.004,-0.243,0.005,0.96,0.998,0.953,0.957,1,1,1,1,1,1,1,1,1,1,1
100,20,"binary","binary",1,3,0,0,1,0,1,FALSE,0.003,0.012,-0.232,0.012,-0.232,0.012,-0.233,0.012,1,1,1,1,1,1,1,1,1,1,1,1,1,1,1
200,20,"binary","binary",1,3,0,0,1,0,1,FALSE,0.007,0.007,-0.232,0.009,-0.232,0.009,-0.232,0.008,1,1,1,1,1,1,1,1,1,1,1,1,1,1,1
100,5,"continuous","binary",1,3,0,0,1,0,1,FALSE,0.031,-0.001,-0.169,-0.002,-0.167,-0.002,-0.167,-0.001,0.991,0.995,0.989,0.991,1,1,1,1,1,1,1,1,1,1,1
200,5,"continuous","binary",1,3,0,0,1,0,1,FALSE,0.015,-0.001,-0.186,-0.004,-0.184,-0.004,-0.183,-0.003,0.999,0.995,0.998,0.998,1,1,1,1,1,1,1,1,1,1,1
100,10,"continuous","binary",1,3,0,0,1,0,1,FALSE,0.01,-0.004,-0.194,-0.009,-0.19,-0.005,-0.188,-0.006,0.997,0.963,0.998,0.997,1,1,1,1,1,1,1,1,1,1,1
200,10,"continuous","binary",1,3,0,0,1,0,1,FALSE,0,0,-0.199,-0.003,-0.195,-0.001,-0.194,0,0.999,0.993,0.999,0.999,1,1,1,1,1,1,1,1,1,1,1
100,20,"continuous","binary",1,3,0,0,1,0,1,FALSE,0.01,0.009,-0.194,0.002,-0.187,0.006,-0.185,0.006,0.984,0.749,0.995,0.994,1,1,1,1,1,1,1,1,1,1,1
200,20,"continuous","binary",1,3,0,0,1,0,1,FALSE,0.007,-0.002,-0.2,-0.007,-0.193,-0.003,-0.191,-0.003,1,0.829,1,1,1,1,1,1,1,1,1,1,1,1,1
100,5,"binary","continuous",1,3,0,0,1,0,1,FALSE,-0.003,-0.003,-0.003,-0.003,-0.002,-0.006,-0.003,-0.003,1,1,1,1,1,1,1,1,1,1,1,1,1,1,1
200,5,"binary","continuous",1,3,0,0,1,0,1,FALSE,0.001,0.002,0.001,0.002,0.002,0,0.001,0.002,1,1,1,1,1,1,1,1,1,1,1,1,1,1,1
100,10,"binary","continuous",1,3,0,0,1,0,1,FALSE,0.001,0.005,0.001,0.005,0.002,0.01,0.001,0.005,1,0.999,1,1,1,1,1,1,1,1,1,1,1,1,1
200,10,"binary","continuous",1,3,0,0,1,0,1,FALSE,-0.009,-0.007,-0.009,-0.007,-0.008,-0.007,-0.009,-0.007,1,1,1,1,1,1,1,1,1,1,1,1,1,1,1
100,20,"binary","continuous",1,3,0,0,1,0,1,FALSE,0.01,0.012,0.01,0.012,0.009,0.01,0.01,0.012,1,1,1,1,1,1,1,1,1,1,1,1,1,1,1
200,20,"binary","continuous",1,3,0,0,1,0,1,FALSE,0,-0.003,0,-0.003,-0.001,-0.003,0,-0.003,1,1,1,1,1,1,1,1,1,1,1,1,1,1,1
100,5,"binary","binary",1,1,0,1,1,0,1,FALSE,-0.483,-0.487,-0.777,-0.569,-0.775,-0.565,-0.777,-0.57,0.971,0.971,0.973,0.974,1,1,1,1,1,1,1,1,1,1,1
200,5,"binary","binary",1,1,0,1,1,0,1,FALSE,-0.498,-0.485,-0.785,-0.565,-0.784,-0.565,-0.785,-0.565,0.995,0.995,0.996,0.995,1,1,1,1,1,1,1,1,1,1,1
100,10,"binary","binary",1,1,0,1,1,0,1,FALSE,-0.243,-0.261,-0.634,-0.422,-0.633,-0.423,-0.632,-0.42,0.717,0.632,0.8,0.813,1,1,1,1,1,1,1,1,1,1,1
200,10,"binary","binary",1,1,0,1,1,0,1,FALSE,-0.275,-0.293,-0.651,-0.436,-0.649,-0.435,-0.65,-0.436,0.678,0.478,0.796,0.79,1,1,1,1,1,1,1,1,1,1,1
100,20,"binary","binary",1,1,0,1,1,0,1,FALSE,-0.207,-0.199,-0.54,-0.318,-0.538,-0.317,-0.538,-0.317,1,1,0.999,0.999,1,1,1,1,1,1,1,1,1,1,1
200,20,"binary","binary",1,1,0,1,1,0,1,FALSE,-0.188,-0.182,-0.533,-0.309,-0.527,-0.303,-0.526,-0.302,1,1,1,1,1,1,1,1,1,1,1,1,1,1,1
100,5,"continuous","binary",1,1,0,1,1,0,1,FALSE,-0.149,-0.167,-0.512,-0.299,-0.508,-0.294,-0.504,-0.292,0.997,1,0.994,0.993,1,1,1,1,1,1,1,1,1,1,1
200,5,"continuous","binary",1,1,0,1,1,0,1,FALSE,-0.153,-0.154,-0.527,-0.294,-0.523,-0.29,-0.519,-0.288,1,1,0.999,0.999,1,1,1,1,1,1,1,1,1,1,1
100,10,"continuous","binary",1,1,0,1,1,0,1,FALSE,-0.069,-0.081,-0.44,-0.227,-0.433,-0.22,-0.43,-0.218,1,1,0.993,0.994,1,1,1,1,1,1,1,1,1,1,1
200,10,"continuous","binary",1,1,0,1,1,0,1,FALSE,-0.08,-0.082,-0.452,-0.229,-0.443,-0.221,-0.439,-0.217,1,1,0.999,0.999,1,1,1,1,1,1,1,1,1,1,1
100,20,"continuous","binary",1,1,0,1,1,0,1,FALSE,-0.033,-0.04,-0.414,-0.2,-0.396,-0.185,-0.391,-0.182,0.59,0.926,0.94,0.93,1,1,1,1,1,1,1,1,1,1,1
200,20,"continuous","binary",1,1,0,1,1,0,1,FALSE,-0.04,-0.043,-0.419,-0.202,-0.402,-0.188,-0.399,-0.185,0.452,0.961,0.978,0.976,1,1,1,1,1,1,1,1,1,1,1
100,5,"binary","continuous",1,1,0,1,1,0,1,FALSE,-0.479,-0.478,-0.479,-0.478,-0.474,-0.474,-0.479,-0.478,1,1,1,1,1,1,1,1,1,1,1,1,1,1,1
200,5,"binary","continuous",1,1,0,1,1,0,1,FALSE,-0.485,-0.485,-0.485,-0.485,-0.485,-0.485,-0.485,-0.485,1,1,1,1,1,1,1,1,1,1,1,1,1,1,1
100,10,"binary","continuous",1,1,0,1,1,0,1,FALSE,-0.343,-0.343,-0.343,-0.343,-0.344,-0.343,-0.343,-0.343,1,1,1,1,1,1,1,1,1,1,1,1,1,1,1
200,10,"binary","continuous",1,1,0,1,1,0,1,FALSE,-0.314,-0.315,-0.314,-0.315,-0.317,-0.32,-0.314,-0.315,1,1,1,1,1,1,1,1,1,1,1,1,1,1,1
100,20,"binary","continuous",1,1,0,1,1,0,1,FALSE,-0.185,-0.187,-0.185,-0.187,-0.19,-0.192,-0.185,-0.187,1,1,1,1,1,1,1,1,1,1,1,1,1,1,1
200,20,"binary","continuous",1,1,0,1,1,0,1,FALSE,-0.193,-0.193,-0.193,-0.193,-0.197,-0.196,-0.193,-0.193,1,1,1,1,1,1,1,1,1,1,1,1,1,1,1
100,5,"binary","binary",1,3,0,1,1,0,1,FALSE,-0.112,-0.135,-0.454,-0.263,-0.454,-0.262,-0.454,-0.264,0.994,0.986,0.993,0.994,1,1,1,1,1,1,1,1,1,1,1
200,5,"binary","binary",1,3,0,1,1,0,1,FALSE,-0.157,-0.149,-0.489,-0.274,-0.49,-0.274,-0.489,-0.275,0.992,0.999,0.995,0.995,1,1,1,1,1,1,1,1,1,1,1
100,10,"binary","binary",1,3,0,1,1,0,1,FALSE,-0.039,-0.03,-0.409,-0.185,-0.407,-0.183,-0.408,-0.184,0.916,0.682,0.954,0.953,1,1,1,1,1,1,1,1,1,1,1
200,10,"binary","binary",1,3,0,1,1,0,1,FALSE,-0.071,-0.063,-0.431,-0.206,-0.43,-0.207,-0.43,-0.207,0.957,0.543,0.985,0.984,1,1,1,1,1,1,1,1,1,1,1
100,20,"binary","binary",1,3,0,1,1,0,1,FALSE,-0.087,-0.097,-0.404,-0.195,-0.402,-0.192,-0.401,-0.193,0.98,1,0.915,0.891,1,1,1,1,1,1,1,1,1,1,1
200,20,"binary","binary",1,3,0,1,1,0,1,FALSE,-0.047,-0.042,-0.387,-0.168,-0.384,-0.166,-0.383,-0.165,1,1,0.935,0.937,1,1,1,1,1,1,1,1,1,1,1
100,5,"continuous","binary",1,3,0,1,1,0,1,FALSE,0.073,0.023,-0.327,-0.14,-0.325,-0.136,-0.32,-0.137,0.992,0.893,0.991,0.989,1,1,1,1,1,1,1,1,1,1,1
200,5,"continuous","binary",1,3,0,1,1,0,1,FALSE,0.025,0.003,-0.351,-0.147,-0.349,-0.145,-0.347,-0.145,0.998,0.807,0.998,0.999,1,1,1,1,1,1,1,1,1,1,1
100,10,"continuous","binary",1,3,0,1,1,0,1,FALSE,0.043,0.011,-0.312,-0.131,-0.305,-0.128,-0.302,-0.126,0.997,0.783,0.996,0.996,1,1,1,1,1,1,1,1,1,1,1
200,10,"continuous","binary",1,3,0,1,1,0,1,FALSE,0.023,0.008,-0.34,-0.14,-0.334,-0.136,-0.331,-0.134,1,0.744,1,1,1,1,1,1,1,1,1,1,1,1,1
100,20,"continuous","binary",1,3,0,1,1,0,1,FALSE,0.021,0.011,-0.316,-0.128,-0.303,-0.119,-0.3,-0.118,1,0.868,0.992,0.992,1,1,1,1,1,1,1,1,1,1,1
200,20,"continuous","binary",1,3,0,1,1,0,1,FALSE,0,0.001,-0.341,-0.14,-0.33,-0.133,-0.328,-0.132,1,0.911,1,0.999,1,1,1,1,1,1,1,1,1,1,1
100,5,"binary","continuous",1,3,0,1,1,0,1,FALSE,-0.147,-0.146,-0.147,-0.146,-0.149,-0.145,-0.147,-0.146,1,1,1,1,1,1,1,1,1,1,1,1,1,1,1
200,5,"binary","continuous",1,3,0,1,1,0,1,FALSE,-0.145,-0.146,-0.145,-0.146,-0.145,-0.144,-0.145,-0.146,1,1,1,1,1,1,1,1,1,1,1,1,1,1,1
100,10,"binary","continuous",1,3,0,1,1,0,1,FALSE,-0.072,-0.073,-0.072,-0.073,-0.07,-0.072,-0.072,-0.073,1,1,1,1,1,1,1,1,1,1,1,1,1,1,1
200,10,"binary","continuous",1,3,0,1,1,0,1,FALSE,-0.083,-0.084,-0.083,-0.084,-0.088,-0.087,-0.083,-0.084,1,1,1,1,1,1,1,1,1,1,1,1,1,1,1
100,20,"binary","continuous",1,3,0,1,1,0,1,FALSE,-0.026,-0.029,-0.026,-0.029,-0.024,-0.027,-0.026,-0.029,1,1,1,1,1,1,1,1,1,1,1,1,1,1,1
200,20,"binary","continuous",1,3,0,1,1,0,1,FALSE,-0.042,-0.042,-0.042,-0.042,-0.042,-0.04,-0.042,-0.042,1,1,1,1,1,1,1,1,1,1,1,1,1,1,1
100,5,"binary","binary",1,1,0,3,1,0,1,FALSE,-1.397,-1.4,-1.812,-1.65,-1.81,-1.648,-1.808,-1.649,0.994,0.999,0.996,0.995,1,1,1,1,1,1,1,1,1,1,1
200,5,"binary","binary",1,1,0,3,1,0,1,FALSE,-1.493,-1.5,-1.887,-1.732,-1.887,-1.732,-1.885,-1.732,0.999,1,1,0.998,1,1,1,1,1,1,1,1,1,1,1
100,10,"binary","binary",1,1,0,3,1,0,1,FALSE,-0.89,-0.898,-1.379,-1.215,-1.378,-1.217,-1.377,-1.215,0.999,1,0.997,0.998,1,1,1,1,1,1,1,1,1,1,1
200,10,"binary","binary",1,1,0,3,1,0,1,FALSE,-0.939,-0.93,-1.418,-1.24,-1.415,-1.238,-1.411,-1.236,1,1,1,1,1,1,1,1,1,1,1,1,1,1,1
100,20,"binary","binary",1,1,0,3,1,0,1,FALSE,-0.509,-0.497,-1.051,-0.874,-1.037,-0.861,-1.034,-0.859,0.636,0.592,0.971,0.97,1,1,1,1,1,1,1,1,1,1,1
200,20,"binary","binary",1,1,0,3,1,0,1,FALSE,-0.572,-0.571,-1.104,-0.931,-1.09,-0.919,-1.088,-0.917,0.594,0.474,1,1,1,1,1,1,1,1,1,1,1,1,1
100,5,"continuous","binary",1,1,0,3,1,0,1,FALSE,-0.42,-0.441,-1.489,-1.115,-1.478,-1.106,-1.471,-1.101,1,0.991,0.995,0.994,1,1,1,1,1,1,1,1,1,1,1
200,5,"continuous","binary",1,1,0,3,1,0,1,FALSE,-0.464,-0.467,-1.532,-1.144,-1.526,-1.137,-1.512,-1.127,1,0.997,1,1,1,1,1,1,1,1,1,1,1,1,1
100,10,"continuous","binary",1,1,0,3,1,0,1,FALSE,-0.232,-0.247,-1.143,-0.843,-1.121,-0.825,-1.108,-0.814,1,0.965,0.999,1,1,1,1,1,1,1,1,1,1,1,1
200,10,"continuous","binary",1,1,0,3,1,0,1,FALSE,-0.256,-0.259,-1.17,-0.856,-1.152,-0.841,-1.141,-0.831,1,0.988,1,1,1,1,1,1,1,1,1,1,1,1,1
100,20,"continuous","binary",1,1,0,3,1,0,1,FALSE,-0.124,-0.128,-0.912,-0.653,-0.874,-0.623,-0.865,-0.615,0.997,0.741,1,1,1,1,1,1,1,1,1,1,1,1,1
200,20,"continuous","binary",1,1,0,3,1,0,1,FALSE,-0.134,-0.133,-0.935,-0.668,-0.899,-0.638,-0.89,-0.631,1,0.834,1,1,1,1,1,1,1,1,1,1,1,1,1
100,5,"binary","continuous",1,1,0,3,1,0,1,FALSE,-1.451,-1.457,-1.451,-1.457,-1.445,-1.453,-1.451,-1.457,1,1,1,1,1,1,1,1,1,1,1,1,1,1,1
200,5,"binary","continuous",1,1,0,3,1,0,1,FALSE,-1.467,-1.466,-1.467,-1.466,-1.466,-1.466,-1.467,-1.466,1,1,1,1,1,1,1,1,1,1,1,1,1,1,1
100,10,"binary","continuous",1,1,0,3,1,0,1,FALSE,-0.973,-0.97,-0.973,-0.97,-0.972,-0.969,-0.973,-0.97,1,1,1,1,1,1,1,1,1,1,1,1,1,1,1
200,10,"binary","continuous",1,1,0,3,1,0,1,FALSE,-0.962,-0.962,-0.962,-0.962,-0.956,-0.955,-0.962,-0.962,1,1,1,1,1,1,1,1,1,1,1,1,1,1,1
100,20,"binary","continuous",1,1,0,3,1,0,1,FALSE,-0.54,-0.54,-0.54,-0.54,-0.535,-0.535,-0.54,-0.54,1,1,1,1,1,1,1,1,1,1,1,1,1,1,1
200,20,"binary","continuous",1,1,0,3,1,0,1,FALSE,-0.568,-0.567,-0.568,-0.567,-0.574,-0.573,-0.568,-0.567,1,1,1,1,1,1,1,1,1,1,1,1,1,1,1
100,5,"binary","binary",1,3,0,3,1,0,1,FALSE,-0.409,-0.414,-0.947,-0.797,-0.948,-0.797,-0.947,-0.806,0.998,0.994,0.998,0.997,1,1,1,1,1,1,1,1,1,1,1
200,5,"binary","binary",1,3,0,3,1,0,1,FALSE,-0.425,-0.421,-0.972,-0.814,-0.971,-0.815,-0.97,-0.821,0.999,0.998,0.999,0.999,1,1,1,1,1,1,1,1,1,1,1
100,10,"binary","binary",1,3,0,3,1,0,1,FALSE,-0.177,-0.184,-0.743,-0.586,-0.741,-0.59,-0.741,-0.593,1,0.998,0.999,0.999,1,1,1,1,1,1,1,1,1,1,1
200,10,"binary","binary",1,3,0,3,1,0,1,FALSE,-0.229,-0.228,-0.802,-0.637,-0.799,-0.637,-0.798,-0.642,1,1,1,1,1,1,1,1,1,1,1,1,1,1,1
100,20,"binary","binary",1,3,0,3,1,0,1,FALSE,-0.107,-0.121,-0.67,-0.519,-0.662,-0.514,-0.66,-0.518,0.994,0.805,0.997,0.997,1,1,1,1,1,1,1,1,1,1,1
200,20,"binary","binary",1,3,0,3,1,0,1,FALSE,-0.102,-0.095,-0.677,-0.503,-0.665,-0.495,-0.661,-0.496,1,0.783,1,1,1,1,1,1,1,1,1,1,1,1,1
100,5,"continuous","binary",1,3,0,3,1,0,1,FALSE,0.303,0.183,-1.071,-0.73,1383892054805.93,951310477420.254,-1.052,-0.719,0.958,0.934,0.977,0.977,1,1,1,1,1,1,1,1,1,1,1
200,5,"continuous","binary",1,3,0,3,1,0,1,FALSE,0.131,0.081,-1.165,-0.784,-1.156,-0.775,-1.145,-0.769,0.951,0.943,0.987,0.99,1,1,1,1,1,1,1,1,1,1,1
100,10,"continuous","binary",1,3,0,3,1,0,1,FALSE,0.142,0.099,-0.83,-0.553,508545124806.958,313740882106.117,-0.802,-0.533,0.971,0.911,0.994,0.995,1,1,1,1,1,1,1,1,1,1,1
200,10,"continuous","binary",1,3,0,3,1,0,1,FALSE,0.04,0.023,-0.915,-0.615,-0.895,-0.599,-0.887,-0.594,0.994,0.916,1,1,1,1,1,1,1,1,1,1,1,1,1
100,20,"continuous","binary",1,3,0,3,1,0,1,FALSE,0.059,0.039,-0.697,-0.468,-0.672,-0.448,-0.666,-0.445,0.997,0.93,0.993,0.991,1,1,1,1,1,1,1,1,1,1,1
200,20,"continuous","binary",1,3,0,3,1,0,1,FALSE,0.03,0.02,-0.752,-0.506,-0.723,-0.483,-0.716,-0.478,1,0.907,1,1,1,1,1,1,1,1,1,1,1,1,1
100,5,"binary","continuous",1,3,0,3,1,0,1,FALSE,-0.44,-0.442,-0.44,-0.442,-0.44,-0.444,-0.44,-0.442,1,1,1,1,1,1,1,1,1,1,1,1,1,1,1
200,5,"binary","continuous",1,3,0,3,1,0,1,FALSE,-0.433,-0.434,-0.433,-0.434,-0.432,-0.432,-0.433,-0.434,1,1,1,1,1,1,1,1,1,1,1,1,1,1,1
100,10,"binary","continuous",1,3,0,3,1,0,1,FALSE,-0.226,-0.228,-0.226,-0.228,-0.224,-0.222,-0.226,-0.228,1,1,1,1,1,1,1,1,1,1,1,1,1,1,1
200,10,"binary","continuous",1,3,0,3,1,0,1,FALSE,-0.241,-0.238,-0.241,-0.238,-0.238,-0.236,-0.241,-0.238,1,1,1,1,1,1,1,1,1,1,1,1,1,1,1
100,20,"binary","continuous",1,3,0,3,1,0,1,FALSE,-0.12,-0.118,-0.12,-0.118,-0.12,-0.122,-0.12,-0.118,1,1,1,1,1,1,1,1,1,1,1,1,1,1,1
200,20,"binary","continuous",1,3,0,3,1,0,1,FALSE,-0.124,-0.125,-0.124,-0.125,-0.122,-0.123,-0.124,-0.125,1,1,1,1,1,1,1,1,1,1,1,1,1,1,1
100,5,"binary","binary",1,0,0,0,3,0,1,FALSE,0.164,0.18,-0.746,0.05,-0.747,0.049,-0.744,0.052,0.981,0.977,0.989,0.993,1,1,1,1,1,1,1,1,1,1,1
200,5,"binary","binary",1,0,0,0,3,0,1,FALSE,-0.003,0.027,-0.81,-0.009,-0.806,-0.004,-0.808,-0.007,0.998,0.996,0.999,1,1,1,1,1,1,1,1,1,1,1,1
100,10,"binary","binary",1,0,0,0,3,0,1,FALSE,0.146,0.213,-0.772,0.026,405355843626.779,-2692289272670.81,-0.768,0.03,0.692,0.668,0.839,0.819,1,1,1,1,1,1,1,1,1,1,1
200,10,"binary","binary",1,0,0,0,3,0,1,FALSE,0.092,0.139,-0.798,0.004,-0.787,0.014,-0.796,0.006,0.675,0.555,0.778,0.769,1,1,1,1,1,1,1,1,1,1,1
100,20,"binary","binary",1,0,0,0,3,0,1,FALSE,-0.059,-0.055,-0.826,-0.028,3.33109834928912e+26,-1.76255342474686e+28,-0.818,-0.02,0.998,1,0.995,0.994,1,1,1,1,1,1,1,1,1,1,1
200,20,"binary","binary",1,0,0,0,3,0,1,FALSE,0.116,0.126,-0.734,0.067,9442893345736.59,-40887365190630.2,-0.728,0.073,1,1,1,1,1,1,1,1,1,1,1,1,1,1,1
100,5,"continuous","binary",1,0,0,0,3,0,1,FALSE,0.051,0.067,-0.778,0.013,531151292976.413,-340997073735.824,-0.774,0.017,1,1,1,1,1,1,1,1,1,1,1,1,1,1,1
200,5,"continuous","binary",1,0,0,0,3,0,1,FALSE,0.008,0.025,-0.794,-0.006,-0.795,-0.008,-0.788,-0.001,1,0.999,1,1,1,1,1,1,1,1,1,1,1,1,1
100,10,"continuous","binary",1,0,0,0,3,0,1,FALSE,-0.044,-0.05,-0.817,-0.031,32209371447372.8,2605908937673.38,-0.812,-0.026,1,1,1,1,1,1,1,1,1,1,1,1,1,1,1
200,10,"continuous","binary",1,0,0,0,3,0,1,FALSE,0.005,0.012,-0.795,-0.002,7310175650662.2,1714948548868.87,-0.791,0.003,1,1,1,1,1,1,1,1,1,1,1,1,1,1,1
100,20,"continuous","binary",1,0,0,0,3,0,1,FALSE,-0.012,-0.017,2541846611806.6,743379509349.781,190799179233912,-21429595313342.5,-0.768,0.022,0.864,0.882,0.911,0.901,1,1,1,1,1,1,1,1,1,1,1
200,20,"continuous","binary",1,0,0,0,3,0,1,FALSE,-0.111,-0.093,-0.837,-0.044,104986628228097,-45668217288317.9,-0.83,-0.037,0.897,0.919,0.927,0.93,1,1,1,1,1,1,1,1,1,1,1
100,5,"binary","continuous",1,0,0,0,3,0,1,FALSE,-0.004,0,-0.004,0,-0.005,-0.005,-0.004,0,1,1,1,1,1,1,1,1,1,1,1,1,1,1,1
200,5,"binary","continuous",1,0,0,0,3,0,1,FALSE,0.016,0.018,0.016,0.018,0.015,0.015,0.016,0.018,1,1,1,1,1,1,1,1,1,1,1,1,1,1,1
100,10,"binary","continuous",1,0,0,0,3,0,1,FALSE,0.015,0.013,0.015,0.013,0.002,0.001,0.015,0.013,1,1,1,1,1,1,1,1,1,1,1,1,1,1,1
200,10,"binary","continuous",1,0,0,0,3,0,1,FALSE,-0.032,-0.034,-0.032,-0.034,-0.021,-0.022,-0.032,-0.034,1,1,1,1,1,1,1,1,1,1,1,1,1,1,1
100,20,"binary","continuous",1,0,0,0,3,0,1,FALSE,-0.092,-0.092,-0.092,-0.092,-0.121,-0.121,-0.092,-0.092,1,1,1,1,1,1,1,1,1,1,1,1,1,1,1
200,20,"binary","continuous",1,0,0,0,3,0,1,FALSE,0.069,0.069,0.069,0.069,0.072,0.071,0.069,0.069,1,1,1,1,1,1,1,1,1,1,1,1,1,1,1
100,5,"binary","binary",1,1,0,0,3,0,1,FALSE,0.072,0.093,-0.783,0.01,-0.79,-0.002,-0.782,0.011,0.981,0.967,0.983,0.987,1,1,1,1,1,1,1,1,1,1,1
200,5,"binary","binary",1,1,0,0,3,0,1,FALSE,0.082,0.115,-0.776,0.028,-0.772,0.032,-0.776,0.028,0.993,0.986,0.997,0.997,1,1,1,1,1,1,1,1,1,1,1
100,10,"binary","binary",1,1,0,0,3,0,1,FALSE,0.162,0.2,-0.765,0.037,-0.781,0.021,-0.763,0.039,0.715,0.699,0.871,0.874,1,1,1,1,1,1,1,1,1,1,1
200,10,"binary","binary",1,1,0,0,3,0,1,FALSE,0.086,0.083,-0.811,-0.012,-0.808,-0.009,-0.811,-0.012,0.739,0.64,0.773,0.781,1,1,1,1,1,1,1,1,1,1,1
100,20,"binary","binary",1,1,0,0,3,0,1,FALSE,-0.066,-0.056,-0.816,-0.019,90025403951555.7,7.43899798069475e+25,-0.812,-0.015,0.998,0.999,0.988,0.986,1,1,1,1,1,1,1,1,1,1,1
200,20,"binary","binary",1,1,0,0,3,0,1,FALSE,-0.059,-0.051,-0.83,-0.025,16515521194539.6,-11116649948729.9,-0.829,-0.024,1,1,0.997,0.996,1,1,1,1,1,1,1,1,1,1,1
100,5,"continuous","binary",1,1,0,0,3,0,1,FALSE,0.051,0.068,-0.781,0,-0.78,0.002,-0.771,0.009,1,1,0.987,0.988,1,1,1,1,1,1,1,1,1,1,1
200,5,"continuous","binary",1,1,0,0,3,0,1,FALSE,0.033,0.057,-0.787,-0.003,-0.789,-0.005,-0.779,0.004,1,1,0.997,0.997,1,1,1,1,1,1,1,1,1,1,1
100,10,"continuous","binary",1,1,0,0,3,0,1,FALSE,0.048,0.046,-0.779,-0.001,14722359794400.5,1915440161342.66,-0.767,0.01,1,0.999,0.999,0.999,1,1,1,1,1,1,1,1,1,1,1
200,10,"continuous","binary",1,1,0,0,3,0,1,FALSE,0.021,0.03,-0.798,-0.013,2793543745738.35,-375424245865.234,-0.781,0.002,1,1,1,1,1,1,1,1,1,1,1,1,1,1,1
100,20,"continuous","binary",1,1,0,0,3,0,1,FALSE,0.062,0.046,742334632187.029,173184244244.712,34088398722380.4,-4258962833923.41,-0.781,0,0.621,0.821,0.812,0.859,1,1,1,1,1,1,1,1,1,1,1
200,20,"continuous","binary",1,1,0,0,3,0,1,FALSE,0.06,0.054,-0.809,-0.022,9279417080194.73,-2506305242671.15,-0.785,-0.001,0.49,0.83,0.801,0.82,1,1,1,1,1,1,1,1,1,1,1
100,5,"binary","continuous",1,1,0,0,3,0,1,FALSE,-0.012,-0.012,-0.012,-0.012,-0.007,-0.011,-0.012,-0.012,1,1,1,1,1,1,1,1,1,1,1,1,1,1,1
200,5,"binary","continuous",1,1,0,0,3,0,1,FALSE,-0.004,0.002,-0.004,0.002,-0.007,-0.002,-0.004,0.002,1,1,1,1,1,1,1,1,1,1,1,1,1,1,1
100,10,"binary","continuous",1,1,0,0,3,0,1,FALSE,0.096,0.094,0.096,0.094,0.096,0.094,0.096,0.094,1,1,1,1,1,1,1,1,1,1,1,1,1,1,1
200,10,"binary","continuous",1,1,0,0,3,0,1,FALSE,-0.036,-0.036,-0.036,-0.036,-0.04,-0.037,-0.036,-0.036,1,1,1,1,1,1,1,1,1,1,1,1,1,1,1
100,20,"binary","continuous",1,1,0,0,3,0,1,FALSE,-0.05,-0.052,-0.05,-0.052,-0.039,-0.042,-0.05,-0.052,1,1,1,1,1,1,1,1,1,1,1,1,1,1,1
200,20,"binary","continuous",1,1,0,0,3,0,1,FALSE,-0.021,-0.022,-0.021,-0.022,-0.023,-0.022,-0.021,-0.022,1,1,1,1,1,1,1,1,1,1,1,1,1,1,1
100,5,"binary","binary",1,3,0,0,3,0,1,FALSE,0.049,0.043,-0.811,-0.021,-0.816,-0.024,-0.81,-0.021,0.969,0.929,0.971,0.968,1,1,1,1,1,1,1,1,1,1,1
200,5,"binary","binary",1,3,0,0,3,0,1,FALSE,0.053,0.062,-0.799,-0.006,-0.798,-0.009,-0.799,-0.006,0.992,0.94,0.992,0.991,1,1,1,1,1,1,1,1,1,1,1
100,10,"binary","binary",1,3,0,0,3,0,1,FALSE,0.157,0.182,-0.769,0.033,-0.776,0.033,-0.769,0.033,0.806,0.753,0.876,0.893,1,1,1,1,1,1,1,1,1,1,1
200,10,"binary","binary",1,3,0,0,3,0,1,FALSE,0.068,0.084,-0.799,0.002,-0.794,0.007,-0.799,0.002,0.774,0.779,0.848,0.877,1,1,1,1,1,1,1,1,1,1,1
100,20,"binary","binary",1,3,0,0,3,0,1,FALSE,0.001,0.001,-0.795,0.009,33684114029078.6,22579218426513.5,-0.793,0.011,0.997,1,0.982,0.967,1,1,1,1,1,1,1,1,1,1,1
200,20,"binary","binary",1,3,0,0,3,0,1,FALSE,0.029,0.026,-0.788,0.012,1950838273852.47,1738900086640.66,-0.787,0.013,0.999,1,0.995,0.988,1,1,1,1,1,1,1,1,1,1,1
100,5,"continuous","binary",1,3,0,0,3,0,1,FALSE,0.117,0.058,-0.745,0.001,-0.744,0.003,-0.736,0.006,0.939,0.95,0.941,0.942,1,1,1,1,1,1,1,1,1,1,1
200,5,"continuous","binary",1,3,0,0,3,0,1,FALSE,0.08,0.042,-0.757,-0.007,-0.76,-0.007,-0.746,0,0.972,0.976,0.91,0.912,1,1,1,1,1,1,1,1,1,1,1
100,10,"continuous","binary",1,3,0,0,3,0,1,FALSE,0.047,0.036,-0.759,-0.007,1442852546553.46,98648582733.698,-0.739,0.004,1,0.85,0.926,0.93,1,1,1,1,1,1,1,1,1,1,1
200,10,"continuous","binary",1,3,0,0,3,0,1,FALSE,0.033,0.033,-0.767,-0.009,-0.774,-0.011,-0.747,0.003,1,0.865,0.928,0.927,1,1,1,1,1,1,1,1,1,1,1
100,20,"continuous","binary",1,3,0,0,3,0,1,FALSE,0.032,0.029,-0.769,-0.014,2127690975808.98,-137141399947.872,-0.735,0.006,1,0.804,0.979,0.981,1,1,1,1,1,1,1,1,1,1,1
200,20,"continuous","binary",1,3,0,0,3,0,1,FALSE,0.026,0.023,-0.787,-0.021,-0.809,-0.032,-0.751,0.002,1,0.915,0.995,0.996,1,1,1,1,1,1,1,1,1,1,1
100,5,"binary","continuous",1,3,0,0,3,0,1,FALSE,-0.018,-0.014,-0.018,-0.014,-0.025,-0.023,-0.018,-0.014,1,1,1,1,1,1,1,1,1,1,1,1,1,1,1
200,5,"binary","continuous",1,3,0,0,3,0,1,FALSE,0.002,0.009,0.002,0.009,0.002,0.008,0.002,0.009,1,1,1,1,1,1,1,1,1,1,1,1,1,1,1
100,10,"binary","continuous",1,3,0,0,3,0,1,FALSE,0,-0.004,0,-0.004,-0.001,-0.005,0,-0.004,0.999,1,1,1,1,1,1,1,1,1,1,1,1,1,1
200,10,"binary","continuous",1,3,0,0,3,0,1,FALSE,0.022,0.02,0.022,0.02,0.023,0.021,0.022,0.02,1,1,1,1,1,1,1,1,1,1,1,1,1,1,1
100,20,"binary","continuous",1,3,0,0,3,0,1,FALSE,0.025,0.023,0.025,0.023,0.027,0.025,0.025,0.023,1,1,1,1,1,1,1,1,1,1,1,1,1,1,1
200,20,"binary","continuous",1,3,0,0,3,0,1,FALSE,-0.018,-0.02,-0.018,-0.02,-0.018,-0.021,-0.018,-0.02,1,1,1,1,1,1,1,1,1,1,1,1,1,1,1
100,5,"binary","binary",1,1,0,1,3,0,1,FALSE,-0.391,-0.349,-1.53,-0.729,-1.523,-0.728,-1.529,-0.729,0.992,0.988,0.991,0.988,1,1,1,1,1,1,1,1,1,1,1
200,5,"binary","binary",1,1,0,1,3,0,1,FALSE,-0.423,-0.403,-1.555,-0.765,-1.552,-0.762,-1.555,-0.766,1,0.999,1,1,1,1,1,1,1,1,1,1,1,1,1
100,10,"binary","binary",1,1,0,1,3,0,1,FALSE,-0.176,-0.18,-1.454,-0.668,-4437293012286.79,-5827510859726.16,-1.45,-0.663,0.889,0.852,0.952,0.951,1,1,1,1,1,1,1,1,1,1,1
200,10,"binary","binary",1,1,0,1,3,0,1,FALSE,-0.237,-0.225,-1.477,-0.684,-1.474,-0.679,-1.477,-0.684,0.954,0.867,0.971,0.964,1,1,1,1,1,1,1,1,1,1,1
100,20,"binary","binary",1,1,0,1,3,0,1,FALSE,-0.087,-0.085,-1.361,-0.569,33403997785408.5,-821982549985548544,-1.356,-0.563,0.964,0.987,0.948,0.948,1,1,1,1,1,1,1,1,1,1,1
200,20,"binary","binary",1,1,0,1,3,0,1,FALSE,-0.252,-0.243,-1.416,-0.622,33398292575679.3,21734448943887.3,-1.41,-0.616,0.924,0.996,0.905,0.911,1,1,1,1,1,1,1,1,1,1,1
100,5,"continuous","binary",1,1,0,1,3,0,1,FALSE,-0.027,-0.043,-1.37,-0.599,1031464113488.22,239669380328.244,-1.358,-0.589,0.999,1,0.938,0.931,1,1,1,1,1,1,1,1,1,1,1
200,5,"continuous","binary",1,1,0,1,3,0,1,FALSE,-0.108,-0.086,-1.385,-0.606,1198546796971.86,637641035535.775,-1.372,-0.595,0.999,1,0.932,0.94,1,1,1,1,1,1,1,1,1,1,1
100,10,"continuous","binary",1,1,0,1,3,0,1,FALSE,0.009,0.011,605651794233.227,1112015836668.41,9730347652930.06,2315722902546.36,-1.309,-0.537,0.999,0.993,0.985,0.987,1,1,1,1,1,1,1,1,1,1,1
200,10,"continuous","binary",1,1,0,1,3,0,1,FALSE,-0.03,-0.023,-1.363,-0.581,-1.378,-0.594,-1.329,-0.551,1,0.999,0.998,0.997,1,1,1,1,1,1,1,1,1,1,1
100,20,"continuous","binary",1,1,0,1,3,0,1,FALSE,0.005,0.005,66663628411.28,341865632.916,23359010052738,7430942470073.5,-1.297,-0.53,0.871,0.761,0.998,0.998,1,1,1,1,1,1,1,1,1,1,1
200,20,"continuous","binary",1,1,0,1,3,0,1,FALSE,0.008,0.006,-1.358,-0.58,2213141815603.62,486999560634.137,-1.307,-0.535,0.909,0.821,0.999,0.999,1,1,1,1,1,1,1,1,1,1,1
100,5,"binary","continuous",1,1,0,1,3,0,1,FALSE,-0.462,-0.46,-0.462,-0.46,-0.458,-0.459,-0.462,-0.46,1,1,1,1,1,1,1,1,1,1,1,1,1,1,1
200,5,"binary","continuous",1,1,0,1,3,0,1,FALSE,-0.49,-0.491,-0.49,-0.491,-0.487,-0.486,-0.49,-0.491,1,1,1,1,1,1,1,1,1,1,1,1,1,1,1
100,10,"binary","continuous",1,1,0,1,3,0,1,FALSE,-0.38,-0.382,-0.38,-0.382,-0.386,-0.387,-0.38,-0.382,1,1,1,1,1,1,1,1,1,1,1,1,1,1,1
200,10,"binary","continuous",1,1,0,1,3,0,1,FALSE,-0.323,-0.324,-0.323,-0.324,-0.319,-0.321,-0.323,-0.324,1,1,1,1,1,1,1,1,1,1,1,1,1,1,1
100,20,"binary","continuous",1,1,0,1,3,0,1,FALSE,-0.216,-0.216,-0.216,-0.216,-0.216,-0.217,-0.216,-0.216,1,1,1,1,1,1,1,1,1,1,1,1,1,1,1
200,20,"binary","continuous",1,1,0,1,3,0,1,FALSE,-0.215,-0.215,-0.215,-0.215,-0.201,-0.202,-0.215,-0.215,1,1,1,1,1,1,1,1,1,1,1,1,1,1,1
100,5,"binary","binary",1,3,0,1,3,0,1,FALSE,0.054,0.056,-1.366,-0.573,-1.367,-0.567,-1.366,-0.574,0.993,0.985,0.976,0.97,1,1,1,1,1,1,1,1,1,1,1
200,5,"binary","binary",1,3,0,1,3,0,1,FALSE,-0.058,-0.031,-1.394,-0.6,-1.393,-0.592,-1.394,-0.6,0.999,0.996,0.985,0.986,1,1,1,1,1,1,1,1,1,1,1
100,10,"binary","binary",1,3,0,1,3,0,1,FALSE,0.044,0.049,-1.339,-0.548,-1.34,-0.544,-1.338,-0.548,0.964,0.867,0.986,0.986,1,1,1,1,1,1,1,1,1,1,1
200,10,"binary","binary",1,3,0,1,3,0,1,FALSE,-0.027,-0.03,-1.375,-0.586,-1.373,-0.587,-1.373,-0.585,0.988,0.861,0.997,0.995,1,1,1,1,1,1,1,1,1,1,1
100,20,"binary","binary",1,3,0,1,3,0,1,FALSE,-0.029,-0.026,-1.35,-0.559,34216329622541.1,16166608601087.4,-1.348,-0.558,0.927,0.991,0.964,0.922,1,1,1,1,1,1,1,1,1,1,1
200,20,"binary","binary",1,3,0,1,3,0,1,FALSE,-0.009,-0.015,-1.349,-0.554,-248370673173.022,-595804816192.782,-1.347,-0.552,0.874,1,0.941,0.932,1,1,1,1,1,1,1,1,1,1,1
100,5,"continuous","binary",1,3,0,1,3,0,1,FALSE,0.232,0.124,-1.229,-0.495,734455093618.714,414614722548.248,-1.216,-0.488,0.921,0.871,0.949,0.957,1,1,1,1,1,1,1,1,1,1,1
200,5,"continuous","binary",1,3,0,1,3,0,1,FALSE,0.122,0.061,-1.254,-0.511,270892028618.156,-66859188419.788,-1.238,-0.502,0.906,0.837,0.957,0.955,1,1,1,1,1,1,1,1,1,1,1
100,10,"continuous","binary",1,3,0,1,3,0,1,FALSE,0.07,0.044,528879599359.475,102161253062.363,3280514080612.48,2438692252291.78,-1.212,-0.486,0.997,0.821,0.923,0.922,1,1,1,1,1,1,1,1,1,1,1
200,10,"continuous","binary",1,3,0,1,3,0,1,FALSE,0.05,0.039,-1.261,-0.513,520669560017.788,1071599839040.23,-1.228,-0.492,1,0.784,0.904,0.908,1,1,1,1,1,1,1,1,1,1,1
100,20,"continuous","binary",1,3,0,1,3,0,1,FALSE,0.038,0.029,1070278685433.71,19980555909.388,3709881564979,1298480619468.21,-1.198,-0.476,1,0.884,0.952,0.951,1,1,1,1,1,1,1,1,1,1,1
200,20,"continuous","binary",1,3,0,1,3,0,1,FALSE,0.025,0.022,-1.271,-0.517,-1.289,-0.527,-1.222,-0.484,1,0.904,0.931,0.934,1,1,1,1,1,1,1,1,1,1,1
100,5,"binary","continuous",1,3,0,1,3,0,1,FALSE,-0.145,-0.141,-0.145,-0.141,-0.143,-0.145,-0.145,-0.141,1,1,1,1,1,1,1,1,1,1,1,1,1,1,1
200,5,"binary","continuous",1,3,0,1,3,0,1,FALSE,-0.139,-0.135,-0.139,-0.135,-0.14,-0.139,-0.139,-0.135,1,1,1,1,1,1,1,1,1,1,1,1,1,1,1
100,10,"binary","continuous",1,3,0,1,3,0,1,FALSE,-0.046,-0.053,-0.046,-0.053,-0.039,-0.049,-0.046,-0.053,1,1,1,1,1,1,1,1,1,1,1,1,1,1,1
200,10,"binary","continuous",1,3,0,1,3,0,1,FALSE,-0.049,-0.047,-0.049,-0.047,-0.042,-0.042,-0.049,-0.047,1,1,1,1,1,1,1,1,1,1,1,1,1,1,1
100,20,"binary","continuous",1,3,0,1,3,0,1,FALSE,-0.053,-0.049,-0.053,-0.049,-0.056,-0.052,-0.053,-0.049,1,1,1,1,1,1,1,1,1,1,1,1,1,1,1
200,20,"binary","continuous",1,3,0,1,3,0,1,FALSE,-0.04,-0.04,-0.04,-0.04,-0.04,-0.039,-0.04,-0.04,1,1,1,1,1,1,1,1,1,1,1,1,1,1,1
100,5,"binary","binary",1,1,0,3,3,0,1,FALSE,-1.225,-1.227,-3.021,-2.253,-3.017,-2.25,-3.019,-2.251,0.96,0.936,0.933,0.934,1,1,1,1,1,1,1,1,1,1,1
200,5,"binary","binary",1,1,0,3,3,0,1,FALSE,-1.23,-1.197,-3.023,-2.245,-3.025,-2.25,-3.021,-2.245,0.936,0.933,0.931,0.925,1,1,1,1,1,1,1,1,1,1,1
100,10,"binary","binary",1,1,0,3,3,0,1,FALSE,-0.822,-0.823,-2.784,-2.024,-2.766,-2.009,-2.772,-2.013,0.989,0.987,0.967,0.968,1,1,1,1,1,1,1,1,1,1,1
200,10,"binary","binary",1,1,0,3,3,0,1,FALSE,-0.792,-0.775,-2.8,-2.021,-2.803,-2.026,-2.789,-2.011,1,0.999,0.99,0.981,1,1,1,1,1,1,1,1,1,1,1
100,20,"binary","binary",1,1,0,3,3,0,1,FALSE,-0.328,-0.315,-2.552,-1.789,70675009388352.9,53626598704213.3,-2.528,-1.766,0.942,0.969,0.987,0.987,1,1,1,1,1,1,1,1,1,1,1
200,20,"binary","binary",1,1,0,3,3,0,1,FALSE,-0.346,-0.343,-2.586,-1.816,19124446014833.1,4212800985882.39,-2.555,-1.785,0.959,0.992,0.999,0.997,1,1,1,1,1,1,1,1,1,1,1
100,5,"continuous","binary",1,1,0,3,3,0,1,FALSE,-0.173,-0.228,-2.618,-1.827,5361878426866.24,3659320780637.84,-2.596,-1.808,0.997,0.959,0.949,0.946,1,1,1,1,1,1,1,1,1,1,1
200,5,"continuous","binary",1,1,0,3,3,0,1,FALSE,-0.264,-0.296,-2.64,-1.844,-2.644,-1.847,-2.612,-1.82,1,0.974,0.944,0.947,1,1,1,1,1,1,1,1,1,1,1
100,10,"continuous","binary",1,1,0,3,3,0,1,FALSE,-0.112,-0.128,-2.489,-1.71,3165930042508.06,2282502604806.76,-2.437,-1.667,1,0.853,0.92,0.921,1,1,1,1,1,1,1,1,1,1,1
200,10,"continuous","binary",1,1,0,3,3,0,1,FALSE,-0.173,-0.174,-2.518,-1.733,-2.547,-1.757,-2.458,-1.681,1,0.87,0.91,0.891,1,1,1,1,1,1,1,1,1,1,1
100,20,"continuous","binary",1,1,0,3,3,0,1,FALSE,-0.063,-0.065,1568414957941.02,977366308362.592,5646519408282.84,3749209113231.7,-2.328,-1.573,0.999,0.786,0.983,0.979,1,1,1,1,1,1,1,1,1,1,1
200,20,"continuous","binary",1,1,0,3,3,0,1,FALSE,-0.056,-0.051,-2.47,-1.686,-2.538,-1.743,-2.363,-1.593,1,0.916,0.987,0.988,1,1,1,1,1,1,1,1,1,1,1
100,5,"binary","continuous",1,1,0,3,3,0,1,FALSE,-1.482,-1.485,-1.482,-1.485,-1.491,-1.495,-1.482,-1.485,1,0.999,1,1,1,1,1,1,1,1,1,1,1,1,1
200,5,"binary","continuous",1,1,0,3,3,0,1,FALSE,-1.482,-1.479,-1.482,-1.479,-1.49,-1.487,-1.482,-1.479,1,1,1,1,1,1,1,1,1,1,1,1,1,1,1
100,10,"binary","continuous",1,1,0,3,3,0,1,FALSE,-0.964,-0.965,-0.964,-0.965,-0.969,-0.97,-0.964,-0.965,1,1,1,1,1,1,1,1,1,1,1,1,1,1,1
200,10,"binary","continuous",1,1,0,3,3,0,1,FALSE,-1.005,-1.011,-1.005,-1.011,-1.01,-1.015,-1.005,-1.011,1,1,1,1,1,1,1,1,1,1,1,1,1,1,1
100,20,"binary","continuous",1,1,0,3,3,0,1,FALSE,-0.512,-0.514,-0.512,-0.514,-0.507,-0.508,-0.512,-0.514,1,1,1,1,1,1,1,1,1,1,1,1,1,1,1
200,20,"binary","continuous",1,1,0,3,3,0,1,FALSE,-0.608,-0.609,-0.608,-0.609,-0.607,-0.608,-0.608,-0.609,1,1,1,1,1,1,1,1,1,1,1,1,1,1,1
100,5,"binary","binary",1,3,0,3,3,0,1,FALSE,-0.077,-0.1,-2.471,-1.715,-2.473,-1.72,-2.468,-1.715,0.929,0.934,0.94,0.943,1,1,1,1,1,1,1,1,1,1,1
200,5,"binary","binary",1,3,0,3,3,0,1,FALSE,-0.073,-0.077,-2.501,-1.734,-2.501,-1.73,-2.497,-1.734,0.909,0.918,0.929,0.933,1,1,1,1,1,1,1,1,1,1,1
100,10,"binary","binary",1,3,0,3,3,0,1,FALSE,0.103,0.101,-2.393,-1.627,-2252213433484.55,-1963718340860.99,-2.384,-1.622,0.978,0.969,0.952,0.94,1,1,1,1,1,1,1,1,1,1,1
200,10,"binary","binary",1,3,0,3,3,0,1,FALSE,-0.007,0.011,-2.419,-1.649,-2.423,-1.65,-2.415,-1.647,0.992,0.992,0.913,0.908,1,1,1,1,1,1,1,1,1,1,1
100,20,"binary","binary",1,3,0,3,3,0,1,FALSE,0.098,0.09,-2.343,-1.578,2516510882984.34,3546369286822.94,-2.329,-1.569,0.976,0.987,0.979,0.976,1,1,1,1,1,1,1,1,1,1,1
200,20,"binary","binary",1,3,0,3,3,0,1,FALSE,0.07,0.071,-2.381,-1.613,5491423122472.45,1519663824239.34,-2.366,-1.601,0.998,0.995,0.99,0.99,1,1,1,1,1,1,1,1,1,1,1
100,5,"continuous","binary",1,3,0,3,3,0,1,FALSE,0.59,0.411,1979941087944.27,1116067689828.66,7666627028955.49,6035500479127.37,-2.231,-1.496,0.936,0.927,0.95,0.949,1,1,1,1,1,1,1,1,1,1,1
200,5,"continuous","binary",1,3,0,3,3,0,1,FALSE,0.361,0.239,-2.331,-1.562,536619900076.925,351886703281.476,-2.311,-1.551,0.941,0.955,0.977,0.983,1,1,1,1,1,1,1,1,1,1,1
100,10,"continuous","binary",1,3,0,3,3,0,1,FALSE,0.253,0.204,1526518630546.11,732875571884.166,13020166545865.5,8787041885551.88,-2.159,-1.438,0.927,0.903,0.949,0.949,1,1,1,1,1,1,1,1,1,1,1
200,10,"continuous","binary",1,3,0,3,3,0,1,FALSE,0.138,0.101,193208048562.854,152063584570.865,2377815726758.75,1351083146123.05,-2.239,-1.495,0.926,0.884,0.917,0.921,1,1,1,1,1,1,1,1,1,1,1
100,20,"continuous","binary",1,3,0,3,3,0,1,FALSE,0.091,0.076,1440697096360.03,929897004286.346,11499847166868.4,7353962668828.23,-2.148,-1.423,0.986,0.923,0.926,0.926,1,1,1,1,1,1,1,1,1,1,1
200,20,"continuous","binary",1,3,0,3,3,0,1,FALSE,0.063,0.053,-2.278,-1.523,919580187234.019,241103273845.814,-2.197,-1.461,1,0.912,0.897,0.905,1,1,1,1,1,1,1,1,1,1,1
100,5,"binary","continuous",1,3,0,3,3,0,1,FALSE,-0.424,-0.419,-0.424,-0.419,-0.428,-0.424,-0.424,-0.419,1,0.999,1,1,1,1,1,1,1,1,1,1,1,1,1
200,5,"binary","continuous",1,3,0,3,3,0,1,FALSE,-0.44,-0.442,-0.44,-0.442,-0.44,-0.44,-0.44,-0.442,1,1,1,1,1,1,1,1,1,1,1,1,1,1,1
100,10,"binary","continuous",1,3,0,3,3,0,1,FALSE,-0.28,-0.281,-0.28,-0.281,-0.285,-0.286,-0.28,-0.281,1,1,1,1,1,1,1,1,1,1,1,1,1,1,1
200,10,"binary","continuous",1,3,0,3,3,0,1,FALSE,-0.263,-0.262,-0.263,-0.262,-0.269,-0.267,-0.263,-0.262,1,1,1,1,1,1,1,1,1,1,1,1,1,1,1
100,20,"binary","continuous",1,3,0,3,3,0,1,FALSE,-0.155,-0.155,-0.155,-0.155,-0.161,-0.16,-0.155,-0.155,1,1,1,1,1,1,1,1,1,1,1,1,1,1,1
200,20,"binary","continuous",1,3,0,3,3,0,1,FALSE,-0.11,-0.113,-0.11,-0.113,-0.111,-0.115,-0.11,-0.113,1,1,1,1,1,1,1,1,1,1,1,1,1,1,1
